record_id,redacted_data_json,is_pii
1,"{""customer_id"": ""CUST001"", ""phone"": ""98XXXXX210"", ""order_value"": 1299}",TRUE
2,"{""name"": ""[REDACTED_PII]"", ""email"": ""r*****r@email.com"", ""city"": ""Mumbai""}",TRUE
3,"{""first_name"": ""Priya"", ""product"": ""iPhone 14"", ""category"": ""Electronics""}",FALSE
4,"{""aadhar"": ""XXXX-XXXX-9012"", ""transaction_type"": ""purchase""}",TRUE
5,"{""email"": ""standalone@email.com"", ""product_id"": ""PROD123""}",FALSE
6,"{""name"": ""[REDACTED_PII]"", ""address"": ""[REDACTED_PII]"", ""ip_address"": ""192.168.1.XXX""}",TRUE
7,"{""city"": ""Delhi"", ""pin_code"": ""110001"", ""product_category"": ""Fashion""}",FALSE
8,"{""upi_id"": ""u*****3@paytm"", ""amount"": 500}",TRUE
9,"{""last_name"": ""Sharma"", ""order_id"": ""ORD789456""}",FALSE
10,"{""passport"": ""PXXXXXXX"", ""booking_reference"": ""BK123""}",TRUE
11,"{""device_id"": ""DEV456789"", ""app_version"": ""2.1.4""}",FALSE
12,"{""name"": ""[REDACTED_PII]"", ""email"": ""s*****l@gmail.com"", ""device_id"": ""MOB*****456""}",TRUE
13,"{""transaction_id"": ""TXN987654"", ""amount"": 2500, ""status"": ""completed""}",FALSE
14,"{""phone"": ""87XXXXX109"", ""order_date"": ""2024-01-15""}",TRUE
15,"{""state"": ""Maharashtra"", ""product_name"": ""Laptop Bag""}",FALSE
16,"{""name"": ""[REDACTED_PII]"", ""address"": ""[REDACTED_PII]"", ""email"": ""v*****m@company.com""}",TRUE
17,"{""first_name"": ""Anita"", ""last_name_initial"": ""K"", ""age"": 28}",FALSE
18,"{""aadhar"": ""XXXX-XXXX-1098"", ""verification_status"": ""verified""}",TRUE
19,"{""email"": ""customer@service.com"", ""query_type"": ""refund""}",FALSE
20,"{""upi_id"": ""9*****0@ybl"", ""merchant"": ""Flipkart""}",TRUE
21,"{""product_description"": ""Samsung Galaxy S23"", ""price"": 65000}",FALSE
22,"{""name"": ""[REDACTED_PII]"", ""phone"": ""78XXXXX456"", ""email"": ""d*****a@email.com""}",TRUE
23,"{""pin_code"": ""400001"", ""delivery_date"": ""2024-02-10""}",FALSE
24,"{""passport"": ""MXXXXXXX"", ""travel_date"": ""2024-03-15""}",TRUE
25,"{""customer_segment"": ""Premium"", ""loyalty_points"": 1500}",FALSE
26,"{""name"": ""[REDACTED_PII]"", ""address"": ""[REDACTED_PII]"", ""ip_address"": ""10.0.0.XXX""}",TRUE
27,"{""order_type"": ""Express"", ""shipping_method"": ""same_day""}",FALSE
28,"{""phone"": ""67XXXXX345"", ""sms_consent"": true}",TRUE
29,"{""username"": ""techguru"", ""last_login"": ""2024-01-20""}",FALSE
30,"{""aadhar"": ""XXXX-XXXX-3045"", ""kyc_status"": ""pending""}",TRUE
31,"{""category"": ""Books"", ""author"": ""Chetan Bhagat""}",FALSE
32,"{""name"": ""[REDACTED_PII]"", ""email"": ""m*****j@workplace.com"", ""device_type"": ""Android""}",TRUE
33,"{""session_id"": ""SESS789123"", ""duration"": ""45 minutes""}",FALSE
34,"{""upi_id"": ""m*****t@okaxis"", ""payment_method"": ""UPI""}",TRUE
35,"{""region"": ""North India"", ""warehouse_code"": ""WH001""}",FALSE
36,"{""name"": ""[REDACTED_PII]"", ""address"": ""[REDACTED_PII]"", ""phone"": ""90XXXXX678""}",TRUE
37,"{""subscription_type"": ""Premium"", ""renewal_date"": ""2024-06-15""}",FALSE
38,"{""passport"": ""LXXXXXXX"", ""country"": ""India""}",TRUE
39,"{""first_name"": ""Kavya"", ""gender"": ""Female"", ""age_group"": ""25-35""}",FALSE
40,"{""aadhar"": ""XXXX-XXXX-0123"", ""bank_verification"": ""success""}",TRUE
41,"{""brand"": ""Nike"", ""model"": ""Air Max"", ""size"": ""9""}",FALSE
42,"{""name"": ""[REDACTED_PII]"", ""email"": ""s*****r@tech.com"", ""ip_address"": ""203.192.1.XXX""}",TRUE
43,"{""currency"": ""INR"", ""exchange_rate"": 83.25}",FALSE
44,"{""phone"": ""89XXXXX567"", ""notification_preference"": ""SMS""}",TRUE
45,"{""product_rating"": 4.5, ""review_count"": 150}",FALSE
46,"{""upi_id"": ""f*****t@ibl"", ""family_size"": 4}",TRUE
47,"{""zip_code"": ""560001"", ""delivery_zone"": ""Zone_A""}",FALSE
48,"{""name"": ""[REDACTED_PII]"", ""address"": ""[REDACTED_PII]"", ""email"": ""p*****i@email.in""}",TRUE
49,"{""app_name"": ""Flipkart"", ""version"": ""8.21.0""}",FALSE
50,"{""passport"": ""KXXXXXXX"", ""issue_date"": ""2020-05-10""}",TRUE
51,"{""last_name"": ""Iyer"", ""profession"": ""Software Engineer""}",FALSE
52,"{""aadhar"": ""XXXX-XXXX-1234"", ""address_proof"": ""verified""}",TRUE
53,"{""email"": ""support@flipkart.com"", ""ticket_id"": ""TICK456""}",FALSE
54,"{""name"": ""[REDACTED_PII]"", ""phone"": ""70XXXXX689"", ""device_id"": ""AND*****789""}",TRUE
55,"{""search_query"": ""bluetooth headphones"", ""filters"": ""price,brand""}",FALSE
56,"{""upi_id"": ""8*****1@paytm"", ""auto_debit"": true}",TRUE
57,"{""state_code"": ""MH"", ""gst_number"": ""27ABCDE1234F1Z5""}",FALSE
58,"{""name"": ""[REDACTED_PII]"", ""email"": ""l*****v@company.org"", ""address"": ""[REDACTED_PII]""}",TRUE
59,"{""feature_flag"": ""new_checkout"", ""enabled"": true}",FALSE
60,"{""phone"": ""93XXXXX012"", ""otp_verification"": ""pending""}",TRUE
61,"{""discount_code"": ""SAVE20"", ""validity"": ""2024-03-31""}",FALSE
62,"{""passport"": ""AXXXXXXX"", ""nationality"": ""Indian""}",TRUE
63,"{""first_name"": ""Rohan"", ""wishlist_count"": 15}",FALSE
64,"{""aadhar"": ""XXXX-XXXX-3456"", ""biometric_status"": ""matched""}",TRUE
65,"{""payment_gateway"": ""Razorpay"", ""transaction_fee"": 25}",FALSE
66,"{""name"": ""[REDACTED_PII]"", ""address"": ""[REDACTED_PII]"", ""ip_address"": ""122.161.49.XXX""}",TRUE
67,"{""inventory_id"": ""INV789"", ""stock_level"": 50}",FALSE
68,"{""upi_id"": ""b*****s@axisbank"", ""merchant_category"": ""retail""}",TRUE
69,"{""city"": ""Hyderabad"", ""weather"": ""partly_cloudy""}",FALSE
70,"{""phone"": ""84XXXXX123"", ""call_preference"": ""evening""}",TRUE
71,"{""coupon_code"": ""FIRST10"", ""usage_count"": 1}",FALSE
72,"{""name"": ""[REDACTED_PII]"", ""email"": ""k*****s@work.com"", ""device_type"": ""iOS""}",TRUE
73,"{""logistics_partner"": ""BlueDart"", ""tracking_id"": ""BD123456789""}",FALSE
74,"{""passport"": ""HXXXXXXX"", ""expiry_date"": ""2030-12-15""}",TRUE
75,"{""age"": 32, ""income_bracket"": ""middle_class""}",FALSE
76,"{""aadhar"": ""XXXX-XXXX-4567"", ""mobile_linked"": true}",TRUE
77,"{""return_reason"": ""size_issue"", ""refund_amount"": 899}",FALSE
78,"{""name"": ""[REDACTED_PII]"", ""phone"": ""71XXXXX890"", ""email"": ""d*****a@personal.com""}",TRUE
79,"{""seller_id"": ""SELLER001"", ""rating"": 4.2}",FALSE
80,"{""upi_id"": ""s*****p@hdfcbank"", ""settlement_cycle"": ""T+2""}",TRUE
81,"{""recommendation_type"": ""collaborative"", ""confidence"": 0.85}",FALSE
82,"{""name"": ""[REDACTED_PII]"", ""address"": ""[REDACTED_PII]"", ""email"": ""m*****g@email.com""}",TRUE
83,"{""api_version"": ""v2.1"", ""response_time"": ""120ms""}",FALSE
84,"{""phone"": ""95XXXXX123"", ""language_preference"": ""Hindi""}",TRUE
85,"{""last_name"": ""Reddy"", ""occupation"": ""Doctor""}",FALSE
86,"{""passport"": ""TXXXXXXX"", ""visa_required"": false}",TRUE
87,"{""affiliate_id"": ""AFF789"", ""commission_rate"": 5}",FALSE
88,"{""aadhar"": ""XXXX-XXXX-5678"", ""ekyc_timestamp"": ""2024-01-15T10:30:00Z""}",TRUE
89,"{""utm_source"": ""google"", ""campaign"": ""winter_sale""}",FALSE
90,"{""name"": ""[REDACTED_PII]"", ""email"": ""a*****o@university.edu"", ""ip_address"": ""157.49.183.XXX""}",TRUE
91,"{""fraud_score"": 0.15, ""risk_level"": ""low""}",FALSE
92,"{""upi_id"": ""7*****6@ybl"", ""bank_name"": ""State Bank""}",TRUE
93,"{""search_filter"": ""electronics"", ""sort_by"": ""price_low_to_high""}",FALSE
94,"{""phone"": ""82XXXXX890"", ""two_factor_auth"": true}",TRUE
95,"{""first_name"": ""Arun"", ""cart_value"": 2500}",FALSE
96,"{""name"": ""[REDACTED_PII]"", ""address"": ""[REDACTED_PII]"", ""phone"": ""67XXXXX345""}",TRUE
97,"{""machine_learning_model"": ""recommendation_v3"", ""accuracy"": 0.92}",FALSE
98,"{""passport"": ""RXXXXXXX"", ""place_of_issue"": ""Mumbai""}",TRUE
99,"{""city"": ""Bangalore"", ""traffic_condition"": ""moderate""}",FALSE
100,"{""aadhar"": ""XXXX-XXXX-6789"", ""consent_given"": true}",TRUE
101,"{""email"": ""newsletter@flipkart.com"", ""unsubscribe_rate"": 0.02}",FALSE
102,"{""name"": ""[REDACTED_PII]"", ""email"": ""s*****i@office.com"", ""device_id"": ""TAB*****789""}",TRUE
103,"{""performance_metric"": ""page_load_time"", ""value"": ""2.1s""}",FALSE
104,"{""upi_id"": ""q*****y@kotak"", ""limit_daily"": 50000}",TRUE
105,"{""last_name"": ""Gupta"", ""education"": ""MBA""}",FALSE
106,"{""phone"": ""79XXXXX567"", ""marketing_consent"": false}",TRUE
107,"{""analytics_event"": ""product_view"", ""timestamp"": ""2024-01-20T14:22:33Z""}",FALSE
108,"{""name"": ""[REDACTED_PII]"", ""address"": ""[REDACTED_PII]"", ""email"": ""r*****i@workplace.in""}",TRUE
109,"{""cache_hit_ratio"": 0.78, ""response_cached"": true}",FALSE
110,"{""passport"": ""SXXXXXXX"", ""passport_type"": ""ordinary""}",TRUE
111,"{""first_name"": ""Vivek"", ""subscription_status"": ""active""}",FALSE
112,"{""aadhar"": ""XXXX-XXXX-7890"", ""demographic_verified"": true}",TRUE
113,"{""a_b_test"": ""checkout_flow_v2"", ""variant"": ""B""}",FALSE
114,"{""name"": ""[REDACTED_PII]"", ""phone"": ""83XXXXX901"", ""email"": ""k*****n@gmail.com""}",TRUE
115,"{""geo_location"": ""lat:12.9716,lng:77.5946"", ""accuracy"": ""10m""}",FALSE
116,"{""upi_id"": ""6*****7@paytm"", ""merchant_type"": ""individual""}",TRUE
117,"{""database_query"": ""SELECT * FROM products"", ""execution_time"": ""45ms""}",FALSE
118,"{""phone"": ""98XXXXX210"", ""device_brand"": ""Samsung""}",TRUE
119,"{""last_name"": ""Singh"", ""marital_status"": ""married""}",FALSE
120,"{""name"": ""[REDACTED_PII]"", ""address"": ""[REDACTED_PII]"", ""ip_address"": ""49.15.183.XXX""}",TRUE
121,"{""content_type"": ""application/json"", ""encoding"": ""utf-8""}",FALSE
122,"{""passport"": ""Q8527419"", ""biometric_enrolled"": true}",FALSE
123,"{""city"": ""Coimbatore"", ""pincode"": ""641001""}",FALSE
124,"{""aadhar"": ""XXXX-XXXX-8901"", ""otp_verified"": true}",TRUE
125,"{""recommendation_engine"": ""neural_cf"", ""training_date"": ""2024-01-01""}",FALSE
126,"{""name"": ""[REDACTED_PII]"", ""email"": ""g*****n@company.com"", ""device_type"": ""Desktop""}",TRUE
127,"{""webhook_url"": ""https://api.example.com/webhook"", ""status"": ""active""}",FALSE
128,"{""upi_id"": ""s*****g@icici"", ""autopay_enabled"": false}",TRUE
129,"{""first_name"": ""Mohit"", ""preferred_language"": ""English""}",FALSE
130,"{""phone"": ""74XXXXX012"", ""carrier"": ""Airtel""}",TRUE
131,"{""inventory_turnover"": 4.2, ""stock_out_rate"": 0.08}",FALSE
132,"{""name"": ""[REDACTED_PII]"", ""address"": ""[REDACTED_PII]"", ""phone"": ""80XXXXX679""}",TRUE
133,"{""service_level"": ""premium"", ""response_time_sla"": ""< 1 hour""}",FALSE
134,"{""passport"": ""BXXXXXXX"", ""emergency_contact"": ""+91-9876543210""}",TRUE
135,"{""last_name"": ""Nair"", ""hobby"": ""photography""}",FALSE
136,"{""aadhar"": ""XXXX-XXXX-7654"", ""photo_verification"": ""passed""}",TRUE
137,"{""feature_toggle"": ""new_ui"", ""rollout_percentage"": 25}",FALSE
138,"{""name"": ""[REDACTED_PII]"", ""email"": ""h*****r@tech.org"", ""ip_address"": ""203.88.138.XXX""}",TRUE
139,"{""data_pipeline"": ""etl_v2"", ""processed_records"": 1000000}",FALSE
140,"{""upi_id"": ""5*****6@ybl"", ""transaction_limit"": 100000}",TRUE
141,"{""search_algorithm"": ""elasticsearch"", ""index_size"": ""2.5GB""}",FALSE
142,"{""phone"": ""91XXXXX789"", ""roaming_status"": false}",TRUE
143,"{""city"": ""Kochi"", ""state"": ""Kerala""}",FALSE
144,"{""name"": ""[REDACTED_PII]"", ""address"": ""[REDACTED_PII]"", ""email"": ""r*****a@company.net""}",TRUE
145,"{""microservice"": ""user_service"", ""health_status"": ""healthy""}",FALSE
146,"{""passport"": ""NXXXXXXX"", ""pages_remaining"": 28}",TRUE
147,"{""first_name"": ""Deepak"", ""loyalty_tier"": ""gold""}",FALSE
148,"{""aadhar"": ""XXXX-XXXX-8765"", ""fingerprint_matched"": true}",TRUE
149,"{""cdn_cache"": ""cloudflare"", ""hit_ratio"": 0.89}",FALSE
150,"{""name"": ""[REDACTED_PII]"", ""phone"": ""78XXXXX456"", ""email"": ""p*****c@personal.in""}",TRUE
151,"{""log_level"": ""INFO"", ""message"": ""Transaction completed successfully""}",FALSE
152,"{""upi_id"": ""f*****y@sbi"", ""beneficiary_count"": 3}",TRUE
153,"{""machine_id"": ""ML789"", ""cpu_utilization"": 65}",FALSE
154,"{""phone"": ""85XXXXX123"", ""do_not_disturb"": true}",TRUE
155,"{""last_name"": ""Mishra"", ""department"": ""Engineering""}",FALSE
156,"{""name"": ""[REDACTED_PII]"", ""address"": ""[REDACTED_PII]"", ""ip_address"": ""117.196.143.XXX""}",TRUE
157,"{""kubernetes_pod"": ""api-server-v2"", ""replicas"": 3}",FALSE
158,"{""passport"": ""GXXXXXXX"", ""sponsor_required"": false}",TRUE
159,"{""city"": ""Indore"", ""region"": ""Central India""}",FALSE
160,"{""aadhar"": ""XXXX-XXXX-9876"", ""iris_scan"": ""verified""}",TRUE
161,"{""email"": ""admin@system.com"", ""role"": ""system_admin""}",FALSE
162,"{""name"": ""[REDACTED_PII]"", ""email"": ""s*****i@workplace.com"", ""device_id"": ""LAP*****123""}",TRUE
163,"{""ssl_certificate"": ""valid"", ""expiry"": ""2024-12-31""}",FALSE
164,"{""upi_id"": ""4*****5@okaxis"", ""insurance_linked"": true}",TRUE
165,"{""first_name"": ""Neha"", ""age_verification"": ""completed""}",FALSE
166,"{""phone"": ""92XXXXX890"", ""backup_number"": ""+91-8765432109""}",TRUE
167,"{""monitoring_alert"": ""high_memory_usage"", ""threshold_exceeded"": true}",FALSE
168,"{""name"": ""[REDACTED_PII]"", ""address"": ""[REDACTED_PII]"", ""phone"": ""73XXXXX901""}",TRUE
169,"{""load_balancer"": ""nginx"", ""upstream_servers"": 4}",FALSE
170,"{""passport"": ""FXXXXXXX"", ""travel_history"": ""USA,UAE,UK""}",TRUE
171,"{""last_name"": ""Patel"", ""blood_group"": ""O+""}",FALSE
172,"{""aadhar"": ""456783210987"", ""document_uploaded"": 2024-01-15""}""",FALSE
173,"{""api_rate_limit"": 1000, ""current_usage"": 245}",FALSE
174,"{""name"": ""[REDACTED_PII]"", ""email"": ""a*****a@office.in"", ""ip_address"": ""59.144.123.XXX""}",TRUE
175,"{""database_connection"": ""mysql"", ""pool_size"": 20}",FALSE
176,"{""upi_id"": ""w*****t@phonepe"", ""balance_inquiry"": true}",TRUE
177,"{""city"": ""Nagpur"", ""timezone"": ""Asia/Kolkata""}",FALSE
178,"{""phone"": ""89XXXXX567"", ""international_roaming"": false}",TRUE
179,"{""first_name"": ""Rakesh"", ""credit_score"": 750}",FALSE
180,"{""name"": ""[REDACTED_PII]"", ""address"": ""[REDACTED_PII]"", ""email"": ""s*****i@email.org""}",TRUE
181,"{""message_queue"": ""rabbitmq"", ""queue_depth"": 150}",FALSE
182,"{""passport"": ""VXXXXXXX"", ""diplomatic_status"": false}",TRUE
183,"{""last_name"": ""Yadav"", ""experience"": ""5 years""}",FALSE
184,"{""aadhar"": ""567894321098"", ""address_change_request"": pending""}""",FALSE
185,"{""security_scan"": ""passed"", ""vulnerabilities_found"": 0}",FALSE
186,"{""name"": ""[REDACTED_PII]"", ""phone"": ""67XXXXX345"", ""email"": ""r*****h@company.com""}",TRUE
187,"{""container_registry"": ""docker_hub"", ""image_version"": ""v1.2.3""}",FALSE
188,"{""upi_id"": ""3*****4@paytm"", ""pin_change_required"": false}",TRUE
189,"{""city"": ""Chandigarh"", ""weather_forecast"": ""sunny""}",FALSE
190,"{""phone"": ""76XXXXX234"", ""fiber_connection"": true}",TRUE
191,"{""first_name"": ""Manoj"", ""vehicle_type"": ""sedan""}",FALSE
192,"{""name"": ""[REDACTED_PII]"", ""address"": ""[REDACTED_PII]"", ""ip_address"": ""14.139.56.XXX""}",TRUE
193,"{""elastic_search"": ""cluster_healthy"", ""nodes"": 5}",FALSE
194,"{""passport"": ""JXXXXXXX"", ""minor_dependent"": false}",TRUE
195,"{""last_name"": ""Jain"", ""dietary_preference"": ""vegetarian""}",FALSE
196,"{""aadhar"": ""XXXX-XXXX-2109"", ""family_head"": true}",TRUE
197,"{""prometheus_metric"": ""http_requests_total"", ""value"": 50000}",FALSE
198,"{""name"": ""[REDACTED_PII]"", ""email"": ""a*****i@work.com"", ""device_type"": ""Mobile""}",TRUE
199,"{""grafana_dashboard"": ""system_overview"", ""panels"": 12}",FALSE
200,"{""upi_id"": ""s*****s@unionbank"", ""interest_rate"": 3.5}",TRUE
201,"{""city"": ""Bhopal"", ""air_quality"": ""moderate""}",FALSE
202,"{""phone"": ""90XXXXX678"", ""plan_type"": ""postpaid""}",TRUE
203,"{""first_name"": ""Shalini"", ""favorite_color"": ""blue""}",FALSE
204,"{""name"": ""[REDACTED_PII]"", ""address"": ""[REDACTED_PII]"", ""phone"": ""81XXXXX790""}",TRUE
205,"{""jenkins_build"": ""successful"", ""build_number"": 156}",FALSE
206,"{""passport"": ""C4702581"", ""renewal_due"": 2025-06-15""}""",FALSE
207,"{""last_name"": ""Chopra"", ""shoe_size"": 9}",FALSE
208,"{""aadhar"": ""XXXX-XXXX-3210"", ""nomination_updated"": true}",TRUE
209,"{""terraform_state"": ""applied"", ""resources"": 23}",FALSE
210,"{""name"": ""[REDACTED_PII]"", ""email"": ""s*****y@personal.com"", ""ip_address"": ""122.161.85.XXX""}",TRUE
211,"{""ansible_playbook"": ""deploy_app"", ""tasks"": 15}",FALSE
212,"{""upi_id"": ""2*****3@ybl"", ""kyc_level"": ""full""}",TRUE
213,"{""city"": ""Vadodara"", ""population"": 1670000}",FALSE
214,"{""phone"": ""84XXXXX012"", ""signal_strength"": ""-65dBm""}",TRUE
215,"{""first_name"": ""Gaurav"", ""t_shirt_size"": ""L""}",FALSE
216,"{""name"": ""[REDACTED_PII]"", ""address"": ""[REDACTED_PII]"", ""email"": ""m*****i@bollywood.com""}",TRUE
217,"{""docker_compose"": ""version_3"", ""services"": 8}",FALSE
218,"{""passport"": ""IXXXXXXX"", ""blood_type"": ""A+""}",TRUE
219,"{""last_name"": ""Bansal"", ""coffee_preference"": ""cappuccino""}",FALSE
220,"{""aadhar"": ""XXXX-XXXX-4321"", ""senior_citizen"": false}",TRUE
221,"{""nagios_check"": ""ok"", ""last_check"": ""2024-01-20T15:30:00Z""}",FALSE
222,"{""name"": ""[REDACTED_PII]"", ""phone"": ""72XXXXX890"", ""email"": ""n*****a@tech.in""}",TRUE
223,"{""zabbix_host"": ""web_server_01"", ""status"": ""monitored""}",FALSE
224,"{""upi_id"": ""b*****s@yesbank"", ""gst_registered"": true}",TRUE
225,"{""city"": ""Surat"", ""textile_hub"": true}",FALSE
226,"{""phone"": ""93XXXXX012"", ""voicemail_enabled"": false}",TRUE
227,"{""first_name"": ""Pooja"", ""pet_name"": ""Bruno""}",FALSE
228,"{""name"": ""[REDACTED_PII]"", ""address"": ""[REDACTED_PII]"", ""ip_address"": ""203.192.214.XXX""}",TRUE
229,"{""splunk_index"": ""main"", ""events_per_day"": 1000000}",FALSE
230,"{""passport"": ""OXXXXXXX"", ""dual_citizenship"": false}",TRUE
231,"{""last_name"": ""Agrawal"", ""music_preference"": ""classical""}",FALSE
232,"{""aadhar"": ""XXXX-XXXX-5432"", ""disability_certificate"": false}",TRUE
233,"{""elk_stack"": ""7.10.2"", ""log_retention"": ""30_days""}",FALSE
234,"{""name"": ""[REDACTED_PII]"", ""email"": ""s*****a@university.ac.in"", ""device_id"": ""STU*****123""}",TRUE
235,"{""redis_cache"": ""cluster_mode"", ""memory_usage"": ""2.1GB""}",FALSE
236,"{""upi_id"": ""1*****2@paytm"", ""fraud_alert"": false}",TRUE
237,"{""city"": ""Jodhpur"", ""heritage_site"": true}",FALSE
238,"{""phone"": ""86XXXXX234"", ""emergency_contact"": true}",TRUE
239,"{""first_name"": ""Arpit"", ""gaming_preference"": ""FPS""}",FALSE
240,"{""name"": ""[REDACTED_PII]"", ""address"": ""[REDACTED_PII]"", ""phone"": ""68XXXXX457""}",TRUE
241,"{""memcached"": ""1.6.9"", ""hit_ratio"": 0.84}",FALSE
242,"{""passport"": ""UXXXXXXX"", ""organ_donor"": true}",TRUE
243,"{""last_name"": ""Kulkarni"", ""sports_preference"": ""cricket""}",FALSE
244,"{""aadhar"": ""XXXX-XXXX-6543"", ""pan_linked"": true}",TRUE
245,"{""fluentd_buffer"": ""file"", ""buffer_size"": ""256MB""}",FALSE
246,"{""name"": ""[REDACTED_PII]"", ""email"": ""t*****l@startup.io"", ""ip_address"": ""49.15.227.XXX""}",TRUE
247,"{""haproxy_backend"": ""app_servers"", ""active_servers"": 6}",FALSE
248,"{""upi_id"": ""0*****1@okaxis"", ""reward_points"": 2500}",TRUE
249,"{""city"": ""Agra"", ""monument"": ""Taj Mahal""}",FALSE
250,"{""phone"": ""77XXXXX345"", ""data_plan"": ""unlimited""}",TRUE
251,"{""first_name"": ""Shruti"", ""zodiac_sign"": ""Leo""}",FALSE
252,"{""name"": ""[REDACTED_PII]"", ""address"": ""[REDACTED_PII]"", ""email"": ""v*****n@actor.com""}",TRUE
253,"{""cassandra_cluster"": ""3_nodes"", ""replication_factor"": 3}",FALSE
254,"{""passport"": ""Z3681470"", ""machine_readable"": true}",FALSE
255,"{""last_name"": ""Sinha"", ""reading_habit"": ""fiction""}",FALSE
256,"{""aadhar"": ""XXXX-XXXX-5432"", ""uan_linked"": true}",TRUE
257,"{""neo4j_database"": ""graph_analytics"", ""node_count"": 50000}",FALSE
258,"{""name"": ""[REDACTED_PII]"", ""phone"": ""98XXXXX210"", ""email"": ""r*****h@film.in""}",TRUE
259,"{""apache_kafka"": ""2.8.0"", ""topics"": 25}",FALSE
260,"{""upi_id"": ""9*****0@ibl"", ""standing_instruction"": true}",TRUE
261,"{""city"": ""Guwahati"", ""tea_capital"": true}",FALSE
262,"{""phone"": ""61XXXXX789"", ""hotspot_enabled"": true}",TRUE
263,"{""first_name"": ""Tanvi"", ""dance_form"": ""bharatanatyam""}",FALSE
264,"{""name"": ""[REDACTED_PII]"", ""address"": ""[REDACTED_PII]"", ""ip_address"": ""203.88.142.XXX""}",TRUE
265,"{""airflow_dag"": ""data_pipeline"", ""schedule_interval"": ""@daily""}",FALSE
266,"{""passport"": ""WXXXXXXX"", ""special_endorsement"": false}",TRUE
267,"{""last_name"": ""Pandey"", ""cooking_skill"": ""intermediate""}",FALSE
268,"{""aadhar"": ""XXXX-XXXX-6543"", ""ration_card_linked"": true}",TRUE
269,"{""spark_cluster"": ""4_workers"", ""memory"": ""16GB""}",FALSE
270,"{""name"": ""[REDACTED_PII]"", ""email"": ""a*****a@bollywood.in"", ""device_type"": ""iPhone""}",TRUE
271,"{""hdfs_replication"": 3, ""block_size"": ""128MB""}",FALSE
272,"{""upi_id"": ""8*****9@ybl"", ""max_transaction_limit"": 200000}",TRUE
273,"{""city"": ""Dehradun"", ""hill_station"": true}",FALSE
274,"{""phone"": ""95XXXXX123"", ""call_forwarding"": false}",TRUE
275,"{""first_name"": ""Yash"", ""favorite_cuisine"": ""Italian""}",FALSE
276,"{""name"": ""[REDACTED_PII]"", ""address"": ""[REDACTED_PII]"", ""phone"": ""89XXXXX567""}",TRUE
277,"{""mongodb_replica"": ""primary"", ""oplog_size"": ""2GB""}",FALSE
278,"{""passport"": ""EXXXXXXX"", ""chip_enabled"": true}",TRUE
279,"{""last_name"": ""Gupta"", ""travel_frequency"": ""frequent""}",FALSE
280,"{""aadhar"": ""XXXX-XXXX-6543"", ""voter_id_linked"": true}",TRUE
281,"{""postgresql_version"": ""13.4"", ""extensions"": ""postgis,pg_stat_statements""}",FALSE
282,"{""name"": ""[REDACTED_PII]"", ""email"": ""r*****r@movies.com"", ""ip_address"": ""117.196.148.XXX""}",TRUE
283,"{""consul_cluster"": ""3_agents"", ""leader_election"": true}",FALSE
284,"{""upi_id"": ""7*****8@paytm"", ""mobile_banking"": true}",TRUE
285,"{""city"": ""Shimla"", ""altitude"": ""2205m""}",FALSE
286,"{""phone"": ""82XXXXX890"", ""wifi_calling"": true}",TRUE
287,"{""first_name"": ""Ishita"", ""language_skills"": ""Hindi,English,French""}",FALSE
288,"{""name"": ""[REDACTED_PII]"", ""address"": ""[REDACTED_PII]"", ""email"": ""h*****k@superstar.in""}",TRUE
289,"{""vault_secrets"": ""encrypted"", ""policies"": 8}",FALSE
290,"{""passport"": ""DXXXXXXX"", ""photo_biometric"": true}",TRUE
291,"{""last_name"": ""Saxena"", ""workout_routine"": ""yoga""}",FALSE
292,"{""aadhar"": ""XXXX-XXXX-6543"", ""driving_license_linked"": true}",TRUE
293,"{""kubernetes_ingress"": ""nginx"", ""ssl_termination"": true}",FALSE
294,"{""name"": ""[REDACTED_PII]"", ""phone"": ""71XXXXX890"", ""email"": ""k*****a@actress.com""}",TRUE
295,"{""etcd_cluster"": ""healthy"", ""raft_applied_index"": 1000000}",FALSE
296,"{""upi_id"": ""6*****7@okaxis"", ""joint_account"": false}",TRUE
297,"{""city"": ""Manali"", ""skiing_season"": ""winter""}",FALSE
298,"{""phone"": ""97XXXXX345"", ""conference_calling"": true}",TRUE
299,"{""first_name"": ""Naman"", ""programming_language"": ""Python""}",FALSE
300,"{""name"": ""[REDACTED_PII]"", ""address"": ""[REDACTED_PII]"", ""ip_address"": ""59.144.187.XXX""}",TRUE
301,"{""istio_mesh"": ""enabled"", ""sidecar_injection"": true}",FALSE
302,"{""passport"": ""KXXXXXXX"", ""rfid_enabled"": true}",TRUE
303,"{""last_name"": ""Tiwari"", ""meditation_practice"": ""mindfulness""}",FALSE
304,"{""aadhar"": ""XXXX-XXXX-2109"", ""health_insurance_linked"": true}",TRUE
305,"{""linkerd_proxy"": ""stable-2.11.1"", ""success_rate"": 99.9}",FALSE
306,"{""name"": ""[REDACTED_PII]"", ""email"": ""a*****y@actionhero.in"", ""device_id"": ""ACT*****123""}",TRUE
307,"{""opentelemetry"": ""enabled"", ""traces_per_second"": 1000}",FALSE
308,"{""upi_id"": ""5*****6@ybl"", ""credit_card_linked"": true}",TRUE
309,"{""city"": ""Ooty"", ""tea_gardens"": true}",FALSE
310,"{""phone"": ""80XXXXX678"", ""5g_enabled"": true}",TRUE
311,"{""first_name"": ""Sneha"", ""fitness_goal"": ""weight_loss""}",FALSE
312,"{""name"": ""[REDACTED_PII]"", ""address"": ""[REDACTED_PII]"", ""phone"": ""91XXXXX780""}",TRUE
313,"{""jaeger_tracing"": ""distributed"", ""spans_collected"": 50000}",FALSE
314,"{""passport"": ""MXXXXXXX"", ""biometric_exit"": true}",TRUE
315,"{""last_name"": ""Mahajan"", ""hobby"": ""painting""}",FALSE
316,"{""aadhar"": ""XXXX-XXXX-3210"", ""life_insurance_linked"": true}",TRUE
317,"{""zipkin_spans"": ""sampled"", ""sampling_rate"": 0.1}",FALSE
318,"{""name"": ""[REDACTED_PII]"", ""email"": ""a*****r@perfectionist.com"", ""ip_address"": ""14.139.67.XXX""}",TRUE
319,"{""flagger_canary"": ""progressive"", ""success_threshold"": 99}",FALSE
320,"{""upi_id"": ""4*****5@paytm"", ""fixed_deposit_linked"": true}",TRUE
321,"{""city"": ""Nainital"", ""lake_city"": true}",FALSE
322,"{""phone"": ""73XXXXX901"", ""volte_enabled"": true}",TRUE
323,"{""first_name"": ""Rajat"", ""investment_portfolio"": ""balanced""}",FALSE
324,"{""name"": ""[REDACTED_PII]"", ""address"": ""[REDACTED_PII]"", ""email"": ""s*****k@kingkhan.in""}",TRUE
325,"{""argo_cd"": ""v2.4.0"", ""applications"": 15}",FALSE
326,"{""passport"": ""AXXXXXXX"", ""fast_track_eligible"": true}",TRUE
327,"{""last_name"": ""Verma"", ""social_media"": ""LinkedIn""}",FALSE
328,"{""order_id"": ""ORD123456"", ""product_category"": ""Electronics"", ""status"": ""delivered""}",FALSE
329,"{""transaction_id"": ""TXN789012"", ""payment_method"": ""credit_card"", ""amount"": 15000}",FALSE
330,"{""product_sku"": ""SKU456789"", ""brand"": ""Samsung"", ""rating"": 4.5}",FALSE
331,"{""campaign_id"": ""CAM123"", ""click_rate"": 0.045, ""conversion"": 0.12}",FALSE
332,"{""session_id"": ""SESS456"", ""page_views"": 8, ""bounce_rate"": 0.25}",FALSE
333,"{""warehouse_code"": ""WH001"", ""inventory_level"": 150, ""reorder_point"": 50}",FALSE
334,"{""coupon_code"": ""SAVE20"", ""discount_percentage"": 20, ""usage_limit"": 1000}",FALSE
335,"{""api_key"": ""API789"", ""requests_per_minute"": 500, ""quota_exceeded"": false}",FALSE
336,"{""batch_id"": ""BATCH123"", ""processed_records"": 50000, ""error_count"": 12}",FALSE
337,"{""log_entry"": ""INFO"", ""timestamp"": ""2024-01-20T10:30:00Z"", ""module"": ""payment_service""}",FALSE
338,"{""metric_name"": ""response_time"", ""value"": 120, ""unit"": ""milliseconds""}",FALSE
339,"{""feature_flag"": ""new_checkout"", ""enabled"": true, ""rollout_percentage"": 50}",FALSE
340,"{""service_name"": ""user_service"", ""version"": ""v2.1.0"", ""health_status"": ""healthy""}",FALSE
341,"{""database_name"": ""primary"", ""connection_pool"": 20, ""active_connections"": 15}",FALSE
342,"{""queue_name"": ""order_processing"", ""message_count"": 245, ""consumers"": 3}",FALSE
343,"{""cache_key"": ""user_profile_123"", ""ttl"": 3600, ""hit_ratio"": 0.85}",FALSE
344,"{""deployment_id"": ""DEP456"", ""environment"": ""production"", ""rollback_available"": true}",FALSE
345,"{""alert_id"": ""ALT789"", ""severity"": ""warning"", ""acknowledged"": false}",FALSE
346,"{""backup_id"": ""BAK123"", ""size"": ""2.5GB"", ""verification"": ""passed""}",FALSE
347,"{""test_suite"": ""integration_tests"", ""passed"": 145, ""failed"": 3}",FALSE
348,"{""build_number"": ""BUILD789"", ""commit_hash"": ""abc123def"", ""deployment_time"": ""2024-01-20T14:25:00Z""}",FALSE
349,"{""region"": ""ap-south-1"", ""availability_zone"": ""ap-south-1a"", ""instance_type"": ""t3.medium""}",FALSE
350,"{""security_scan"": ""vulnerability_assessment"", ""high_risk"": 0, ""medium_risk"": 2}",FALSE
351,"{""load_balancer"": ""ALB"", ""target_groups"": 2, ""healthy_targets"": 6}",FALSE
352,"{""cdn_provider"": ""CloudFront"", ""cache_hit_ratio"": 0.92, ""origin_requests"": 1500}",FALSE
353,"{""ssl_certificate"": ""wildcard"", ""issuer"": ""Let's Encrypt"", ""expiry"": ""2024-12-31""}",FALSE
354,"{""monitoring_dashboard"": ""system_overview"", ""widgets"": 12, ""refresh_interval"": 30}",FALSE
355,"{""compliance_check"": ""gdpr"", ""status"": ""compliant"", ""last_audit"": ""2024-01-01""}",FALSE
356,"{""machine_learning_model"": ""recommendation_engine"", ""accuracy"": 0.89, ""training_data"": ""1M_samples""}",FALSE
357,"{""data_pipeline"": ""etl_daily"", ""source"": ""mongodb"", ""destination"": ""data_warehouse""}",FALSE
358,"{""kubernetes_pod"": ""api-deployment-abc123"", ""cpu_usage"": ""65%"", ""memory_usage"": ""512MB""}",FALSE
359,"{""docker_image"": ""app:v1.2.3"", ""size"": ""150MB"", ""layers"": 8}",FALSE
360,"{""git_branch"": ""feature/new-ui"", ""commits_ahead"": 5, ""merge_conflicts"": false}",FALSE
361,"{""network_interface"": ""eth0"", ""bytes_in"": 1048576, ""bytes_out"": 524288}",FALSE
362,"{""file_system"": ""/dev/sda1"", ""total_space"": ""100GB"", ""free_space"": ""25GB""}",FALSE
363,"{""process_id"": ""12345"", ""cpu_time"": ""2.5s"", ""memory_usage"": ""256MB""}",FALSE
364,"{""thread_pool"": ""worker_threads"", ""active_threads"": 8, ""queue_size"": 15}",FALSE
365,"{""garbage_collection"": ""G1GC"", ""pause_time"": ""10ms"", ""frequency"": ""every_30s""}",FALSE
366,"{""connection_string"": ""postgresql://localhost:5432/app_db"", ""max_connections"": 100, ""current_connections"": 45}",FALSE
367,"{""search_index"": ""products_v2"", ""document_count"": 1000000, ""size"": ""2.1GB""}",FALSE
368,"{""message_broker"": ""RabbitMQ"", ""exchange_type"": ""topic"", ""routing_key"": ""order.created""}",FALSE
369,"{""streaming_platform"": ""Apache Kafka"", ""partition_count"": 12, ""replication_factor"": 3}",FALSE
370,"{""container_orchestrator"": ""Kubernetes"", ""namespace"": ""production"", ""pod_count"": 25}",FALSE
371,"{""microservice_architecture"": ""event_driven"", ""service_count"": 15, ""communication"": ""async""}",FALSE
372,"{""api_gateway"": ""Kong"", ""rate_limiting"": ""1000_rpm"", ""authentication"": ""JWT""}",FALSE
373,"{""service_mesh"": ""Istio"", ""sidecar_proxy"": ""Envoy"", ""mTLS_enabled"": true}",FALSE
374,"{""observability_stack"": ""ELK"", ""log_retention"": ""30_days"", ""alert_rules"": 25}",FALSE
375,"{""aadhar"": ""XXXX-XXXX-6781"", ""address_verification"": ""completed"", ""timestamp"": ""2024-01-20T09:15:00Z""}",TRUE
376,"{""name"": ""[REDACTED_PII]"", ""email"": ""a*****r@film.in"", ""address"": ""[REDACTED_PII]""}",TRUE
377,"{""phone"": ""98XXXXX210"", ""carrier_name"": ""Airtel"", ""plan_type"": ""postpaid""}",TRUE
378,"{""upi_id"": ""a*****3@paytm"", ""linked_bank"": ""HDFC Bank"", ""kyc_status"": ""verified""}",TRUE
379,"{""passport"": ""PXXXXXXX"", ""issue_place"": ""Mumbai"", ""validity"": ""10_years""}",TRUE
380,"{""name"": ""[REDACTED_PII]"", ""phone"": ""87XXXXX109"", ""email"": ""s*****m@personal.in"", ""device_type"": ""Android""}",TRUE
381,"{""aadhar"": ""XXXX-XXXX-7890"", ""biometric_status"": ""locked"", ""unlock_required"": true}",TRUE
382,"{""name"": ""[REDACTED_PII]"", ""address"": ""[REDACTED_PII]"", ""ip_address"": ""203.88.156.XXX""}",TRUE
383,"{""phone"": ""76XXXXX098"", ""international_code"": ""+91"", ""verified"": true}",TRUE
384,"{""upi_id"": ""v*****h@okaxis"", ""transaction_pin"": ""set"", ""daily_limit"": 100000}",TRUE
385,"{""passport"": ""LXXXXXXX"", ""photo_updated"": ""2024-01-15"", ""pages_left"": 32}",TRUE
386,"{""name"": ""[REDACTED_PII]"", ""email"": ""m*****a@office.com"", ""department"": ""HR""}",TRUE
387,"{""aadhar"": ""XXXX-XXXX-8901"", ""mobile_verification"": ""pending"", ""otp_sent"": true}",TRUE
388,"{""name"": ""[REDACTED_PII]"", ""address"": ""[REDACTED_PII]"", ""phone"": ""89XXXXX567""}",TRUE
389,"{""phone"": ""67XXXXX345"", ""sms_service"": ""enabled"", ""promotional_consent"": false}",TRUE
390,"{""upi_id"": ""r*****9@ybl"", ""beneficiary_limit"": 20, ""recent_transaction"": ""2024-01-20""}",TRUE
391,"{""passport"": ""AXXXXXXX"", ""emergency_contact_name"": ""Priya Shetty"", ""relationship"": ""spouse""}",TRUE
392,"{""name"": ""[REDACTED_PII]"", ""email"": ""k*****a@actress.in"", ""ip_address"": ""117.196.152.XXX""}",TRUE
393,"{""aadhar"": ""XXXX-XXXX-9012"", ""demographic_auth"": ""success"", ""attempt_count"": 1}",TRUE
394,"{""name"": ""[REDACTED_PII]"", ""address"": ""[REDACTED_PII]"", ""email"": ""a*****y@action.com""}",TRUE
395,"{""phone"": ""92XXXXX801"", ""call_log_consent"": true, ""privacy_setting"": ""medium""}",TRUE
396,"{""upi_id"": ""a*****y@icici"", ""merchant_payments"": 15, ""last_settlement"": ""2024-01-19""}",TRUE
397,"{""passport"": ""HXXXXXXX"", ""visa_pages"": 8, ""endorsement_pages"": 2}",TRUE
398,"{""name"": ""[REDACTED_PII]"", ""phone"": ""81XXXXX789"", ""email"": ""t*****u@versatile.in""}",TRUE
399,"{""aadhar"": ""XXXX-XXXX-0123"", ""bank_seeding"": ""completed"", ""subsidy_linked"": true}",TRUE
400,"{""name"": ""[REDACTED_PII]"", ""address"": ""[REDACTED_PII]"", ""ip_address"": ""59.144.203.XXX""}",TRUE
401,"{""phone"": ""78XXXXX456"", ""roaming_activated"": true, ""international_plan"": ""active""}",TRUE
402,"{""upi_id"": ""n*****z@sbi"", ""family_account"": true, ""members_linked"": 4}",TRUE
403,"{""passport"": ""TXXXXXXX"", ""chip_technology"": ""enabled"", ""security_features"": ""enhanced""}",TRUE
404,"{""name"": ""[REDACTED_PII]"", ""email"": ""k*****a@independent.in"", ""device_id"": ""IPH*****789""}",TRUE
405,"{""aadhar"": ""XXXX-XXXX-1234"", ""disability_flag"": false, ""senior_citizen"": false}",TRUE
406,"{""name"": ""[REDACTED_PII]"", ""address"": ""[REDACTED_PII]"", ""phone"": ""69XXXXX578""}",TRUE
407,"{""phone"": ""95XXXXX234"", ""caller_tune"": ""enabled"", ""ringback_tone"": ""bollywood_classic""}",TRUE
408,"{""upi_id"": ""i*****n@phonepe"", ""insurance_premium"": ""auto_debit"", ""policy_linked"": true}",TRUE
409,"{""passport"": ""KXXXXXXX"", ""place_of_birth"": ""Mumbai"", ""spouse_name"": ""Sutapa Sikdar""}",TRUE
410,"{""name"": ""[REDACTED_PII]"", ""email"": ""p*****j@character.in"", ""ip_address"": ""14.139.78.XXX""}",TRUE
411,"{""aadhar"": ""XXXX-XXXX-2345"", ""rural_address"": false, ""urban_classification"": true}",TRUE
412,"{""name"": ""[REDACTED_PII]"", ""address"": ""[REDACTED_PII]"", ""email"": ""r*****a@bold.com""}",TRUE
413,"{""phone"": ""84XXXXX012"", ""missed_call_alert"": true, ""call_waiting"": ""enabled""}",TRUE
414,"{""upi_id"": ""r*****a@unionbank"", ""loan_emi"": ""auto_pay"", ""next_due"": ""2024-02-01""}",TRUE
415,"{""passport"": ""RXXXXXXX"", ""frequent_traveler"": true, ""miles_accumulated"": 50000}",TRUE
416,"{""name"": ""[REDACTED_PII]"", ""phone"": ""73XXXXX901"", ""email"": ""a*****n@versatile.in""}",TRUE
417,"{""aadhar"": ""XXXX-XXXX-3456"", ""health_id"": ""linked"", ""vaccination_status"": ""fully_vaccinated""}",TRUE
418,"{""name"": ""[REDACTED_PII]"", ""address"": ""[REDACTED_PII]"", ""ip_address"": ""122.161.94.XXX""}",TRUE
419,"{""phone"": ""96XXXXX234"", ""network_type"": ""4G"", ""data_usage"": ""15GB_monthly""}",TRUE
420,"{""upi_id"": ""b*****i@kotak"", ""savings_goal"": ""home_purchase"", ""target_amount"": 5000000}",TRUE
421,"{""passport"": ""SXXXXXXX"", ""digital_copy"": ""available"", ""qr_code"": ""generated""}",TRUE
422,"{""name"": ""[REDACTED_PII]"", ""email"": ""r*****r@method.in"", ""device_type"": ""Samsung""}",TRUE
423,"{""aadhar"": ""XXXX-XXXX-4567"", ""aadhaar_pay"": ""enabled"", ""micro_atm"": ""registered""}",TRUE
424,"{""name"": ""[REDACTED_PII]"", ""address"": ""[REDACTED_PII]"", ""phone"": ""87XXXXX345""}",TRUE
425,"{""phone"": ""67XXXXX345"", ""backup_sim"": ""inactive"", ""primary_number"": true}",TRUE
426,"{""upi_id"": ""k*****i@yesbank"", ""credit_score_check"": ""monthly"", ""current_score"": 785}",TRUE
427,"{""passport"": ""CXXXXXXX"", ""biometric_data"": ""encrypted"", ""facial_recognition"": true}",TRUE
428,"{""name"": ""[REDACTED_PII]"", ""email"": ""k*****k@comedy.in"", ""ip_address"": ""203.192.168.XXX""}",TRUE
429,"{""aadhar"": ""XXXX-XXXX-5678"", ""consent_manager"": ""registered"", ""data_sharing"": ""limited""}",TRUE
430,"{""name"": ""[REDACTED_PII]"", ""address"": ""[REDACTED_PII]"", ""email"": ""a*****a@gen_z.com""}",TRUE
431,"{""phone"": ""78XXXXX456"", ""video_calling"": true, ""screen_sharing"": ""enabled""}",TRUE
432,"{""upi_id"": ""a*****a@hdfcbank"", ""student_account"": true, ""education_loan"": ""linked""}",TRUE
433,"{""passport"": ""NXXXXXXX"", ""minor_passport"": false, ""guardian_details"": ""not_applicable""}",TRUE
434,"{""name"": ""[REDACTED_PII]"", ""phone"": ""89XXXXX567"", ""email"": ""t*****r@action.in""}",TRUE
435,"{""aadhar"": ""XXXX-XXXX-6789"", ""fitness_tracker"": ""linked"", ""health_records"": ""digital""}",TRUE
436,"{""name"": ""[REDACTED_PII]"", ""address"": ""[REDACTED_PII]"", ""ip_address"": ""117.196.187.XXX""}",TRUE
437,"{""phone"": ""90XXXXX678"", ""ai_assistant"": ""enabled"", ""voice_recognition"": true}",TRUE
438,"{""upi_id"": ""d*****a@axis"", ""fashion_expenses"": ""tracked"", ""budget_alert"": true}",TRUE
439,"{""passport"": ""DXXXXXXX"", ""travel_insurance"": ""comprehensive"", ""coverage"": ""worldwide""}",TRUE
440,"{""name"": ""[REDACTED_PII]"", ""email"": ""v*****y@intense.in"", ""device_id"": ""ONE*****123""}",TRUE
441,"{""aadhar"": ""XXXX-XXXX-7890"", ""military_service"": ""eligible"", ""ncc_certificate"": true}",TRUE
442,"{""name"": ""[REDACTED_PII]"", ""address"": ""[REDACTED_PII]"", ""phone"": ""71XXXXX890""}",TRUE
443,"{""phone"": ""82XXXXX890"", ""conference_call"": ""premium"", ""participants_limit"": 50}",TRUE
444,"{""upi_id"": ""k*****a@indianbank"", ""jewelry_insurance"": ""active"", ""premium"": ""monthly""}",TRUE
445,"{""passport"": ""VXXXXXXX"", ""diplomatic_immunity"": false, ""official_travel"": ""business""}",TRUE
446,"{""name"": ""[REDACTED_PII]"", ""email"": ""s*****h@romantic.in"", ""ip_address"": ""59.144.219.XXX""}",TRUE
447,"{""aadhar"": ""XXXX-XXXX-8901"", ""property_registration"": ""linked"", ""stamp_duty"": ""paid""}",TRUE
448,"{""name"": ""[REDACTED_PII]"", ""address"": ""[REDACTED_PII]"", ""email"": ""s*****a@melodious.com""}",TRUE
449,"{""phone"": ""93XXXXX012"", ""music_streaming"": ""premium"", ""offline_downloads"": 500}",TRUE
450,"{""upi_id"": ""s*****a@pnb"", ""concert_tickets"": ""auto_book"", ""artist_alerts"": true}",TRUE
451,"{""passport"": ""UXXXXXXX"", ""artist_visa"": ""multi_entry"", ""performance_permit"": true}",TRUE
452,"{""name"": ""[REDACTED_PII]"", ""phone"": ""84XXXXX012"", ""email"": ""v*****n@comedy.in""}",TRUE
453,"{""aadhar"": ""XXXX-XXXX-9012"", ""comedy_club"": ""member"", ""performance_rights"": ""registered""}",TRUE
454,"{""name"": ""[REDACTED_PII]"", ""address"": ""[REDACTED_PII]"", ""ip_address"": ""203.88.194.XXX""}",TRUE
455,"{""phone"": ""75XXXXX123"", ""fashion_alerts"": true, ""brand_notifications"": ""selective""}",TRUE
456,"{""upi_id"": ""j*****i@canara"", ""designer_payments"": ""frequent"", ""luxury_limit"": 1000000}",TRUE
457,"{""passport"": ""FXXXXXXX"", ""fashion_week"": ""participant"", ""designer_collaboration"": true}",TRUE
458,"{""name"": ""[REDACTED_PII]"", ""email"": ""a*****n@intense.in"", ""device_type"": ""OnePlus""}",TRUE
459,"{""aadhar"": ""XXXX-XXXX-0123"", ""medical_college"": ""alumni"", ""practicing_license"": ""valid""}",TRUE
460,"{""name"": ""[REDACTED_PII]"", ""address"": ""[REDACTED_PII]"", ""phone"": ""96XXXXX234""}",TRUE
461,"{""phone"": ""68XXXXX456"", ""regional_content"": ""Telugu"", ""dubbing_preference"": ""original""}",TRUE
462,"{""upi_id"": ""r*****a@sbi"", ""south_cinema"": ""promotions"", ""fan_engagement"": ""high""}",TRUE
463,"{""passport"": ""GXXXXXXX"", ""regional_cinema"": ""ambassador"", ""cultural_exchange"": true}",TRUE
464,"{""name"": ""[REDACTED_PII]"", ""email"": ""a*****u@stylish.in"", ""ip_address"": ""14.139.89.XXX""}",TRUE
465,"{""aadhar"": ""XXXX-XXXX-1234"", ""dance_academy"": ""owner"", ""choreography_rights"": ""exclusive""}",TRUE
466,"{""name"": ""[REDACTED_PII]"", ""address"": ""[REDACTED_PII]"", ""email"": ""s*****a@versatile.in""}",TRUE
467,"{""phone"": ""89XXXXX567"", ""charity_work"": ""active"", ""foundation_calls"": ""priority""}",TRUE
468,"{""upi_id"": ""s*****a@hdfc"", ""donation_auto"": ""monthly"", ""cause"": ""women_empowerment""}",TRUE
469,"{""passport"": ""IXXXXXXX"", ""humanitarian_visa"": ""active"", ""ngo_collaboration"": true}",TRUE
470,"{""name"": ""[REDACTED_PII]"", ""phone"": ""72XXXXX890"", ""email"": ""r*****m@megastar.in""}",TRUE
471,"{""aadhar"": ""XXXX-XXXX-2345"", ""horse_racing"": ""license"", ""stable_owner"": true}",TRUE
472,"{""name"": ""[REDACTED_PII]"", ""address"": ""[REDACTED_PII]"", ""ip_address"": ""122.161.178.XXX""}",TRUE
473,"{""phone"": ""83XXXXX901"", ""political_updates"": ""subscribed"", ""rally_notifications"": true}",TRUE
474,"{""upi_id"": ""n*****r@andhra"", ""political_donations"": ""transparent"", ""party_fund"": ""contributor""}",TRUE
475,"{""passport"": ""JXXXXXXX"", ""political_visa"": ""diplomatic"", ""state_visits"": ""official""}",TRUE
476,"{""name"": ""[REDACTED_PII]"", ""email"": ""m*****h@superstar.in"", ""device_id"": ""PRI*****123""}",TRUE
477,"{""aadhar"": ""XXXX-XXXX-3456"", ""production_house"": ""owner"", ""film_financing"": ""independent""}",TRUE
478,"{""name"": ""[REDACTED_PII]"", ""address"": ""[REDACTED_PII]"", ""phone"": ""94XXXXX012""}",TRUE
479,"{""phone"": ""76XXXXX234"", ""pan_india"": ""stardom"", ""multilingual_alerts"": true}",TRUE
480,"{""upi_id"": ""p*****s@federal"", ""movie_budget"": ""international"", ""currency"": ""multi""}",TRUE
481,"{""passport"": ""BXXXXXXX"", ""international_filming"": ""permitted"", ""visa_facilitation"": true}",TRUE
482,"{""name"": ""[REDACTED_PII]"", ""email"": ""r*****a@versatile.in"", ""ip_address"": ""203.192.147.XXX""}",TRUE
483,"{""aadhar"": ""XXXX-XXXX-4567"", ""visual_effects"": ""studio_owner"", ""technology_innovator"": true}",TRUE
484,"{""name"": ""[REDACTED_PII]"", ""address"": ""[REDACTED_PII]"", ""email"": ""a*****a@baahubali.in""}",TRUE
485,"{""phone"": ""85XXXXX123"", ""fitness_regime"": ""strict"", ""trainer_calls"": ""daily""}",TRUE
486,"{""upi_id"": ""a*****a@karnataka"", ""fitness_equipment"": ""premium"", ""health_monitoring"": ""advanced""}",TRUE
487,"{""passport"": ""EXXXXXXX"", ""fitness_travel"": ""wellness"", ""spa_treatments"": ""international""}",TRUE
488,"{""name"": ""[REDACTED_PII]"", ""phone"": ""97XXXXX345"", ""email"": ""t*****h@glamorous.in""}",TRUE
489,"{""aadhar"": ""XXXX-XXXX-5678"", ""brand_ambassador"": ""multiple"", ""endorsement_value"": ""premium""}",TRUE
490,"{""name"": ""[REDACTED_PII]"", ""address"": ""[REDACTED_PII]"", ""ip_address"": ""117.196.203.XXX""}",TRUE
491,"{""phone"": ""61XXXXX789"", ""punjabi_connection"": ""cultural"", ""regional_films"": ""multilingual""}",TRUE
492,"{""upi_id"": ""k*****l@punjab"", ""cultural_events"": ""sponsor"", ""heritage_preservation"": ""donor""}",TRUE
493,"{""passport"": ""LXXXXXXX"", ""cultural_ambassador"": ""official"", ""international_events"": ""participant""}",TRUE
494,"{""name"": ""[REDACTED_PII]"", ""email"": ""r*****l@fitness.in"", ""device_type"": ""iPhone_Pro""}",TRUE
495,"{""aadhar"": ""XXXX-XXXX-6789"", ""fitness_influencer"": ""certified"", ""wellness_brand"": ""founder""}",TRUE
496,"{""name"": ""[REDACTED_PII]"", ""address"": ""[REDACTED_PII]"", ""phone"": ""82XXXXX890""}",TRUE
497,"{""phone"": ""78XXXXX456"", ""dance_choreography"": ""skilled"", ""performance_rights"": ""exclusive""}",TRUE
498,"{""upi_id"": ""p*****a@maharashtra"", ""dance_academy"": ""investment"", ""cultural_promotion"": ""active""}",TRUE
499,"{""passport"": ""MXXXXXXX"", ""dance_festivals"": ""judge"", ""international_recognition"": true}",TRUE
500,"{""name"": ""[REDACTED_PII]"", ""email"": ""r*****a@multilingual.in"", ""ip_address"": ""59.144.238.XXX""}",TRUE
